Block,Plant,Strain,weight
A,Ad,1075,3.27
B,Ad,1075,1.85
C,Ad,1075,3.36
D,Ad,1075,1.92
E,Ad,1075,2.17
V,Ad,1075,2.53
W,Ad,1075,2.44
X,Ad,1075,2.05
Y,Ad,1075,2.37
Z,Ad,1075,0.81
A,Ad,1088,0.2
B,Ad,1088,0.25
C,Ad,1088,NA
D,Ad,1088,2.75
E,Ad,1088,0.25
V,Ad,1088,0.05
W,Ad,1088,0.02
X,Ad,1088,NA
Y,Ad,1088,0.18
Z,Ad,1088,0.17
A,Ad,1092,NA
B,Ad,1092,0.2
C,Ad,1092,0.34
D,Ad,1092,NA
E,Ad,1092,0.13
V,Ad,1092,0.04
W,Ad,1092,0.16
X,Ad,1092,1.46
Y,Ad,1092,0.18
Z,Ad,1092,0.33
A,Ad,1093,1.9
B,Ad,1093,0.91
C,Ad,1093,2.06
D,Ad,1093,0.3
E,Ad,1093,1.53
V,Ad,1093,2.28
W,Ad,1093,0.86
X,Ad,1093,0.57
Y,Ad,1093,0.32
Z,Ad,1093,1.02
A,Ad,1097,0.11
B,Ad,1097,0.07
C,Ad,1097,0.14
D,Ad,1097,0.27
E,Ad,1097,0.23
V,Ad,1097,1.37
W,Ad,1097,NA
X,Ad,1097,NA
Y,Ad,1097,0.19
Z,Ad,1097,0.06
A,Ad,1104,0.69
B,Ad,1104,0.29
C,Ad,1104,0.8
D,Ad,1104,0.45
E,Ad,1104,1.4
V,Ad,1104,1.53
W,Ad,1104,0.4
X,Ad,1104,0.46
Y,Ad,1104,1.67
Z,Ad,1104,1.26
A,Ad,1129,2.38
B,Ad,1129,2.12
C,Ad,1129,1.27
D,Ad,1129,2.17
E,Ad,1129,1.04
V,Ad,1129,2.5
W,Ad,1129,2.01
X,Ad,1129,0.81
Y,Ad,1129,1.7
Z,Ad,1129,1.43
A,Ad,1144,2.3
B,Ad,1144,1.74
C,Ad,1144,1.88
D,Ad,1144,1.27
E,Ad,1144,0.28
V,Ad,1144,2.19
W,Ad,1144,2.07
X,Ad,1144,1.33
Y,Ad,1144,2.56
Z,Ad,1144,2.62
A,Ad,1147,0.52
B,Ad,1147,1.45
C,Ad,1147,1.17
D,Ad,1147,0.33
E,Ad,1147,0.66
V,Ad,1147,0.35
W,Ad,1147,1.37
X,Ad,1147,1.29
Y,Ad,1147,0.29
Z,Ad,1147,0.73
A,Ad,1152,1.73
B,Ad,1152,1.6
C,Ad,1152,1.32
D,Ad,1152,1.31
E,Ad,1152,0.4
V,Ad,1152,1.4
W,Ad,1152,1.26
X,Ad,1152,1.23
Y,Ad,1152,1.57
Z,Ad,1152,1.03
A,Ad,1153,NA
B,Ad,1153,1.27
C,Ad,1153,1.61
D,Ad,1153,0.39
E,Ad,1153,0.38
V,Ad,1153,0.67
W,Ad,1153,0.62
X,Ad,1153,1.04
Y,Ad,1153,0.38
Z,Ad,1153,1.9
A,Ad,1155,1.31
B,Ad,1155,0.48
C,Ad,1155,2.11
D,Ad,1155,0.69
E,Ad,1155,2.31
V,Ad,1155,0.87
W,Ad,1155,1.19
X,Ad,1155,2.22
Y,Ad,1155,2.04
Z,Ad,1155,1.24
A,Ad,1158,0.23
B,Ad,1158,0.47
C,Ad,1158,0.16
D,Ad,1158,0.49
E,Ad,1158,0.24
V,Ad,1158,0.04
W,Ad,1158,0.14
X,Ad,1158,NA
Y,Ad,1158,0.1
Z,Ad,1158,0.23
A,Ad,1160,0.57
B,Ad,1160,0.12
C,Ad,1160,1.57
D,Ad,1160,1.64
E,Ad,1160,0.14
V,Ad,1160,1
W,Ad,1160,NA
X,Ad,1160,2.77
Y,Ad,1160,0.96
Z,Ad,1160,0.75
A,Ad,1164,0.46
B,Ad,1164,1.03
C,Ad,1164,0.66
D,Ad,1164,0.29
E,Ad,1164,2.24
V,Ad,1164,NA
W,Ad,1164,1.8
X,Ad,1164,1.89
Y,Ad,1164,0.67
Z,Ad,1164,0.85
A,Ad,1169,2.2
B,Ad,1169,1.63
C,Ad,1169,1.62
D,Ad,1169,2.72
E,Ad,1169,0.54
V,Ad,1169,2.02
W,Ad,1169,2
X,Ad,1169,1.12
Y,Ad,1169,2.43
Z,Ad,1169,1.86
A,Ad,1174,0.03
B,Ad,1174,0.09
C,Ad,1174,0.32
D,Ad,1174,2.06
E,Ad,1174,1.96
V,Ad,1174,1.93
W,Ad,1174,0.6
X,Ad,1174,0.63
Y,Ad,1174,0.94
Z,Ad,1174,0.98
A,Ad,1175,0.82
B,Ad,1175,1.47
C,Ad,1175,1.34
D,Ad,1175,1.45
E,Ad,1175,0.92
V,Ad,1175,1.74
W,Ad,1175,2.24
X,Ad,1175,1.54
Y,Ad,1175,1.11
Z,Ad,1175,1.57
A,Ad,1178,0.28
B,Ad,1178,NA
C,Ad,1178,0.37
D,Ad,1178,0.18
E,Ad,1178,0.15
V,Ad,1178,0.51
W,Ad,1178,NA
X,Ad,1178,NA
Y,Ad,1178,0.11
Z,Ad,1178,0.09
A,Ad,1194,0.48
B,Ad,1194,1.8
C,Ad,1194,1.93
D,Ad,1194,0.56
E,Ad,1194,1.76
V,Ad,1194,1.62
W,Ad,1194,1.71
X,Ad,1194,2.86
Y,Ad,1194,1.03
Z,Ad,1194,0.83
A,Am,1075,NA
B,Am,1075,2.11
C,Am,1075,2.36
D,Am,1075,1.36
E,Am,1075,0.94
V,Am,1075,1.87
W,Am,1075,2.34
X,Am,1075,2.64
Y,Am,1075,1.69
Z,Am,1075,1.81
A,Am,1088,NA
B,Am,1088,0.15
C,Am,1088,0.11
D,Am,1088,0.27
E,Am,1088,NA
V,Am,1088,0.23
W,Am,1088,0.5
X,Am,1088,0.08
Y,Am,1088,0.18
Z,Am,1088,0.06
A,Am,1092,0.55
B,Am,1092,0.22
C,Am,1092,0.05
D,Am,1092,0.17
E,Am,1092,0.27
V,Am,1092,0.44
W,Am,1092,0.17
X,Am,1092,0.13
Y,Am,1092,0.11
Z,Am,1092,NA
A,Am,1093,1.75
B,Am,1093,1.29
C,Am,1093,1.96
D,Am,1093,1.09
E,Am,1093,1.46
V,Am,1093,1.1
W,Am,1093,1.38
X,Am,1093,1.05
Y,Am,1093,1.99
Z,Am,1093,0.93
A,Am,1097,0.01
B,Am,1097,NA
C,Am,1097,NA
D,Am,1097,0.1
E,Am,1097,NA
V,Am,1097,1.1
W,Am,1097,0.08
X,Am,1097,NA
Y,Am,1097,0.01
Z,Am,1097,0.04
A,Am,1104,0.22
B,Am,1104,0.76
C,Am,1104,0.33
D,Am,1104,0.81
E,Am,1104,0.95
V,Am,1104,1.6
W,Am,1104,1.16
X,Am,1104,1.02
Y,Am,1104,0.92
Z,Am,1104,0.94
A,Am,1129,2.13
B,Am,1129,2.4
C,Am,1129,2.84
D,Am,1129,2.16
E,Am,1129,2
V,Am,1129,1.84
W,Am,1129,2.12
X,Am,1129,2.11
Y,Am,1129,1.69
Z,Am,1129,1.35
A,Am,1144,2.25
B,Am,1144,1.41
C,Am,1144,2.37
D,Am,1144,1.53
E,Am,1144,2.9
V,Am,1144,2.73
W,Am,1144,0.46
X,Am,1144,0.14
Y,Am,1144,1.64
Z,Am,1144,0.15
A,Am,1147,NA
B,Am,1147,1.02
C,Am,1147,0.74
D,Am,1147,0.46
E,Am,1147,0.46
V,Am,1147,0.69
W,Am,1147,1.18
X,Am,1147,0.42
Y,Am,1147,0.55
Z,Am,1147,0.52
A,Am,1152,1.43
B,Am,1152,0.64
C,Am,1152,1.25
D,Am,1152,1.07
E,Am,1152,0.76
V,Am,1152,1.06
W,Am,1152,0.85
X,Am,1152,0.74
Y,Am,1152,0.97
Z,Am,1152,1
A,Am,1153,1.3
B,Am,1153,1.13
C,Am,1153,1.56
D,Am,1153,0.18
E,Am,1153,1.47
V,Am,1153,1.39
W,Am,1153,1.73
X,Am,1153,1.36
Y,Am,1153,0.89
Z,Am,1153,0.66
A,Am,1155,1.06
B,Am,1155,0.99
C,Am,1155,1.57
D,Am,1155,0.65
E,Am,1155,1.02
V,Am,1155,0.39
W,Am,1155,1.2
X,Am,1155,1.3
Y,Am,1155,0.7
Z,Am,1155,1.02
A,Am,1158,0.14
B,Am,1158,0.57
C,Am,1158,0.28
D,Am,1158,0.19
E,Am,1158,0.05
V,Am,1158,0.09
W,Am,1158,0.19
X,Am,1158,0.09
Y,Am,1158,0.28
Z,Am,1158,NA
A,Am,1160,1.4
B,Am,1160,0.75
C,Am,1160,1.52
D,Am,1160,0.61
E,Am,1160,1.19
V,Am,1160,0.3
W,Am,1160,1.95
X,Am,1160,2.15
Y,Am,1160,1.44
Z,Am,1160,0.84
A,Am,1164,NA
B,Am,1164,1.02
C,Am,1164,1.61
D,Am,1164,1.28
E,Am,1164,0.91
V,Am,1164,1.19
W,Am,1164,1.38
X,Am,1164,1.58
Y,Am,1164,1.55
Z,Am,1164,1.62
A,Am,1169,3.04
B,Am,1169,1.77
C,Am,1169,1.75
D,Am,1169,2.29
E,Am,1169,0.84
V,Am,1169,1.43
W,Am,1169,2.02
X,Am,1169,0.27
Y,Am,1169,2.75
Z,Am,1169,2.14
A,Am,1174,2.1
B,Am,1174,0.31
C,Am,1174,3.74
D,Am,1174,2.52
E,Am,1174,2.26
V,Am,1174,2.68
W,Am,1174,2.51
X,Am,1174,2.63
Y,Am,1174,NA
Z,Am,1174,1.02
A,Am,1175,1.16
B,Am,1175,1.32
C,Am,1175,2.27
D,Am,1175,1.16
E,Am,1175,1.53
V,Am,1175,1.3
W,Am,1175,1.16
X,Am,1175,1.7
Y,Am,1175,2.12
Z,Am,1175,1.63
A,Am,1178,NA
B,Am,1178,0.14
C,Am,1178,0.11
D,Am,1178,0.24
E,Am,1178,NA
V,Am,1178,0.45
W,Am,1178,0.41
X,Am,1178,NA
Y,Am,1178,0.36
Z,Am,1178,NA
A,Am,1194,2.25
B,Am,1194,2.77
C,Am,1194,0.24
D,Am,1194,2.12
E,Am,1194,2.13
V,Am,1194,1.46
W,Am,1194,2.68
X,Am,1194,2.31
Y,Am,1194,1.43
Z,Am,1194,3.83
A,Dm,1075,0.12
B,Dm,1075,NA
C,Dm,1075,NA
D,Dm,1075,0.93
E,Dm,1075,0.78
V,Dm,1075,2.35
W,Dm,1075,0.89
X,Dm,1075,1.73
Y,Dm,1075,0.77
Z,Dm,1075,0.22
A,Dm,1088,NA
B,Dm,1088,NA
C,Dm,1088,0.29
D,Dm,1088,NA
E,Dm,1088,NA
V,Dm,1088,NA
W,Dm,1088,NA
X,Dm,1088,NA
Y,Dm,1088,NA
Z,Dm,1088,NA
A,Dm,1092,NA
B,Dm,1092,NA
C,Dm,1092,0.14
D,Dm,1092,NA
E,Dm,1092,NA
V,Dm,1092,0.11
W,Dm,1092,NA
X,Dm,1092,NA
Y,Dm,1092,NA
Z,Dm,1092,0.04
A,Dm,1093,0.43
B,Dm,1093,0.34
C,Dm,1093,0.98
D,Dm,1093,0.08
E,Dm,1093,NA
V,Dm,1093,0.63
W,Dm,1093,0.08
X,Dm,1093,1.24
Y,Dm,1093,NA
Z,Dm,1093,0.21
A,Dm,1097,NA
B,Dm,1097,NA
C,Dm,1097,NA
D,Dm,1097,NA
E,Dm,1097,NA
V,Dm,1097,NA
W,Dm,1097,0.06
X,Dm,1097,NA
Y,Dm,1097,NA
Z,Dm,1097,0.36
A,Dm,1104,0.41
B,Dm,1104,0.51
C,Dm,1104,0.23
D,Dm,1104,NA
E,Dm,1104,0.23
V,Dm,1104,NA
W,Dm,1104,0.23
X,Dm,1104,0.14
Y,Dm,1104,0.19
Z,Dm,1104,0.17
A,Dm,1129,1.22
B,Dm,1129,0.21
C,Dm,1129,1.28
D,Dm,1129,0.47
E,Dm,1129,0.39
V,Dm,1129,0.85
W,Dm,1129,0.4
X,Dm,1129,0.75
Y,Dm,1129,0.64
Z,Dm,1129,0.43
A,Dm,1144,0.25
B,Dm,1144,0.51
C,Dm,1144,0.34
D,Dm,1144,1.1
E,Dm,1144,0.76
V,Dm,1144,0.9
W,Dm,1144,0.9
X,Dm,1144,1.24
Y,Dm,1144,1.73
Z,Dm,1144,0.6
A,Dm,1147,NA
B,Dm,1147,NA
C,Dm,1147,0.1
D,Dm,1147,0.28
E,Dm,1147,0.51
V,Dm,1147,NA
W,Dm,1147,0.06
X,Dm,1147,NA
Y,Dm,1147,0.4
Z,Dm,1147,NA
A,Dm,1152,0.85
B,Dm,1152,0.94
C,Dm,1152,0.89
D,Dm,1152,1.79
E,Dm,1152,0.7
V,Dm,1152,0.87
W,Dm,1152,1.01
X,Dm,1152,0.65
Y,Dm,1152,0.09
Z,Dm,1152,0.74
A,Dm,1153,0.63
B,Dm,1153,0.54
C,Dm,1153,NA
D,Dm,1153,0.68
E,Dm,1153,0.65
V,Dm,1153,NA
W,Dm,1153,1.03
X,Dm,1153,1.18
Y,Dm,1153,0.31
Z,Dm,1153,0.39
A,Dm,1155,0.34
B,Dm,1155,0.3
C,Dm,1155,2.11
D,Dm,1155,0.95
E,Dm,1155,0.53
V,Dm,1155,0.57
W,Dm,1155,0.62
X,Dm,1155,NA
Y,Dm,1155,NA
Z,Dm,1155,NA
A,Dm,1158,0.11
B,Dm,1158,0.05
C,Dm,1158,NA
D,Dm,1158,NA
E,Dm,1158,0.08
V,Dm,1158,NA
W,Dm,1158,NA
X,Dm,1158,NA
Y,Dm,1158,NA
Z,Dm,1158,NA
A,Dm,1160,0.02
B,Dm,1160,0.31
C,Dm,1160,NA
D,Dm,1160,0.19
E,Dm,1160,0.42
V,Dm,1160,0.23
W,Dm,1160,0.19
X,Dm,1160,0.52
Y,Dm,1160,NA
Z,Dm,1160,NA
A,Dm,1164,0.13
B,Dm,1164,0.62
C,Dm,1164,NA
D,Dm,1164,0.97
E,Dm,1164,0.58
V,Dm,1164,0.2
W,Dm,1164,0.44
X,Dm,1164,1.16
Y,Dm,1164,0.42
Z,Dm,1164,NA
A,Dm,1169,0.6
B,Dm,1169,0.66
C,Dm,1169,2
D,Dm,1169,1.58
E,Dm,1169,NA
V,Dm,1169,0.25
W,Dm,1169,2.07
X,Dm,1169,NA
Y,Dm,1169,NA
Z,Dm,1169,0.91
A,Dm,1174,0.6
B,Dm,1174,NA
C,Dm,1174,1.16
D,Dm,1174,0.16
E,Dm,1174,0.59
V,Dm,1174,1.09
W,Dm,1174,NA
X,Dm,1174,0.36
Y,Dm,1174,0.47
Z,Dm,1174,0.15
A,Dm,1175,0.26
B,Dm,1175,NA
C,Dm,1175,1.01
D,Dm,1175,0.8
E,Dm,1175,0.67
V,Dm,1175,0.18
W,Dm,1175,0.22
X,Dm,1175,0.97
Y,Dm,1175,NA
Z,Dm,1175,0.17
A,Dm,1178,0.16
B,Dm,1178,NA
C,Dm,1178,NA
D,Dm,1178,NA
E,Dm,1178,NA
V,Dm,1178,0.11
W,Dm,1178,NA
X,Dm,1178,NA
Y,Dm,1178,NA
Z,Dm,1178,NA
A,Dm,1194,0.26
B,Dm,1194,NA
C,Dm,1194,1.54
D,Dm,1194,0.76
E,Dm,1194,0.67
V,Dm,1194,1.27
W,Dm,1194,NA
X,Dm,1194,0.83
Y,Dm,1194,0.87
Z,Dm,1194,0.41
A,Gc,1075,0.88
B,Gc,1075,NA
C,Gc,1075,0.89
D,Gc,1075,0.66
E,Gc,1075,0.77
V,Gc,1075,1.06
W,Gc,1075,0.93
X,Gc,1075,0.27
Y,Gc,1075,1.41
Z,Gc,1075,0.35
A,Gc,1088,NA
B,Gc,1088,NA
C,Gc,1088,0.13
D,Gc,1088,NA
E,Gc,1088,NA
V,Gc,1088,NA
W,Gc,1088,NA
X,Gc,1088,NA
Y,Gc,1088,NA
Z,Gc,1088,NA
A,Gc,1092,0.03
B,Gc,1092,NA
C,Gc,1092,NA
D,Gc,1092,NA
E,Gc,1092,NA
V,Gc,1092,NA
W,Gc,1092,NA
X,Gc,1092,NA
Y,Gc,1092,NA
Z,Gc,1092,0.08
A,Gc,1093,0.39
B,Gc,1093,0.5
C,Gc,1093,0.5
D,Gc,1093,0.33
E,Gc,1093,0.2
V,Gc,1093,0.31
W,Gc,1093,0.5
X,Gc,1093,0.65
Y,Gc,1093,0.35
Z,Gc,1093,0.59
A,Gc,1097,NA
B,Gc,1097,NA
C,Gc,1097,0.17
D,Gc,1097,0.17
E,Gc,1097,NA
V,Gc,1097,NA
W,Gc,1097,0.41
X,Gc,1097,NA
Y,Gc,1097,NA
Z,Gc,1097,0.18
A,Gc,1104,NA
B,Gc,1104,NA
C,Gc,1104,0.3
D,Gc,1104,NA
E,Gc,1104,0.3
V,Gc,1104,NA
W,Gc,1104,NA
X,Gc,1104,0.3
Y,Gc,1104,NA
Z,Gc,1104,NA
A,Gc,1129,0.23
B,Gc,1129,0.38
C,Gc,1129,NA
D,Gc,1129,0.21
E,Gc,1129,1.16
V,Gc,1129,0.36
W,Gc,1129,0.95
X,Gc,1129,0.79
Y,Gc,1129,0.39
Z,Gc,1129,0.28
A,Gc,1144,0.16
B,Gc,1144,0.38
C,Gc,1144,0.34
D,Gc,1144,NA
E,Gc,1144,0.67
V,Gc,1144,0.58
W,Gc,1144,0.49
X,Gc,1144,0.73
Y,Gc,1144,0.24
Z,Gc,1144,0.07
A,Gc,1147,NA
B,Gc,1147,0.2
C,Gc,1147,NA
D,Gc,1147,NA
E,Gc,1147,0.2
V,Gc,1147,0.23
W,Gc,1147,NA
X,Gc,1147,NA
Y,Gc,1147,0.02
Z,Gc,1147,0.17
A,Gc,1152,NA
B,Gc,1152,NA
C,Gc,1152,0.36
D,Gc,1152,0.42
E,Gc,1152,NA
V,Gc,1152,0.19
W,Gc,1152,0.32
X,Gc,1152,NA
Y,Gc,1152,NA
Z,Gc,1152,NA
A,Gc,1153,0.19
B,Gc,1153,0.26
C,Gc,1153,0.17
D,Gc,1153,0.15
E,Gc,1153,NA
V,Gc,1153,NA
W,Gc,1153,NA
X,Gc,1153,NA
Y,Gc,1153,0.18
Z,Gc,1153,0.19
A,Gc,1155,0.75
B,Gc,1155,0.33
C,Gc,1155,0.56
D,Gc,1155,0.2
E,Gc,1155,0.13
V,Gc,1155,NA
W,Gc,1155,NA
X,Gc,1155,NA
Y,Gc,1155,0.4
Z,Gc,1155,0.45
A,Gc,1158,NA
B,Gc,1158,NA
C,Gc,1158,NA
D,Gc,1158,NA
E,Gc,1158,NA
V,Gc,1158,NA
W,Gc,1158,NA
X,Gc,1158,0.11
Y,Gc,1158,NA
Z,Gc,1158,0.01
A,Gc,1160,NA
B,Gc,1160,0.22
C,Gc,1160,0.38
D,Gc,1160,0.39
E,Gc,1160,0.32
V,Gc,1160,0.31
W,Gc,1160,0.14
X,Gc,1160,0.22
Y,Gc,1160,0.27
Z,Gc,1160,0.37
A,Gc,1164,NA
B,Gc,1164,0.13
C,Gc,1164,0.15
D,Gc,1164,NA
E,Gc,1164,0.25
V,Gc,1164,0.08
W,Gc,1164,NA
X,Gc,1164,NA
Y,Gc,1164,0.21
Z,Gc,1164,NA
A,Gc,1169,0.6
B,Gc,1169,NA
C,Gc,1169,NA
D,Gc,1169,0.54
E,Gc,1169,0.52
V,Gc,1169,0.65
W,Gc,1169,0.29
X,Gc,1169,1.29
Y,Gc,1169,0.34
Z,Gc,1169,1.02
A,Gc,1174,NA
B,Gc,1174,0.17
C,Gc,1174,0.38
D,Gc,1174,0.28
E,Gc,1174,0.26
V,Gc,1174,0.31
W,Gc,1174,NA
X,Gc,1174,0.4
Y,Gc,1174,0.21
Z,Gc,1174,0.81
A,Gc,1175,0.2
B,Gc,1175,NA
C,Gc,1175,NA
D,Gc,1175,NA
E,Gc,1175,0.3
V,Gc,1175,0.09
W,Gc,1175,0.17
X,Gc,1175,0.13
Y,Gc,1175,NA
Z,Gc,1175,0.4
A,Gc,1178,NA
B,Gc,1178,NA
C,Gc,1178,0.06
D,Gc,1178,NA
E,Gc,1178,0.01
V,Gc,1178,NA
W,Gc,1178,NA
X,Gc,1178,NA
Y,Gc,1178,NA
Z,Gc,1178,0.05
A,Gc,1194,0.5
B,Gc,1194,NA
C,Gc,1194,1.39
D,Gc,1194,0.34
E,Gc,1194,0.18
V,Gc,1194,NA
W,Gc,1194,0.78
X,Gc,1194,1.1
Y,Gc,1194,NA
Z,Gc,1194,0.92
A,Hv,1075,1.14
B,Hv,1075,2.04
C,Hv,1075,2.95
D,Hv,1075,1.9
E,Hv,1075,2.47
V,Hv,1075,2.45
W,Hv,1075,2.39
X,Hv,1075,3.58
Y,Hv,1075,2.76
Z,Hv,1075,2.56
A,Hv,1088,2.02
B,Hv,1088,1.01
C,Hv,1088,0.25
D,Hv,1088,NA
E,Hv,1088,0.15
V,Hv,1088,0.09
W,Hv,1088,NA
X,Hv,1088,0.16
Y,Hv,1088,0.21
Z,Hv,1088,NA
A,Hv,1092,0.05
B,Hv,1092,0.26
C,Hv,1092,0.19
D,Hv,1092,0.91
E,Hv,1092,0.28
V,Hv,1092,NA
W,Hv,1092,0.16
X,Hv,1092,NA
Y,Hv,1092,0.19
Z,Hv,1092,0.07
A,Hv,1093,2.8
B,Hv,1093,2.46
C,Hv,1093,2.76
D,Hv,1093,2.84
E,Hv,1093,1.79
V,Hv,1093,1.66
W,Hv,1093,1.5
X,Hv,1093,2.48
Y,Hv,1093,2.56
Z,Hv,1093,2.67
A,Hv,1097,0.14
B,Hv,1097,0.29
C,Hv,1097,0.21
D,Hv,1097,0.95
E,Hv,1097,0.18
V,Hv,1097,NA
W,Hv,1097,NA
X,Hv,1097,NA
Y,Hv,1097,0.22
Z,Hv,1097,0.12
A,Hv,1104,0.8
B,Hv,1104,0.71
C,Hv,1104,0.81
D,Hv,1104,0.25
E,Hv,1104,0.89
V,Hv,1104,1.78
W,Hv,1104,0.5
X,Hv,1104,1.21
Y,Hv,1104,0.12
Z,Hv,1104,0.3
A,Hv,1129,3.35
B,Hv,1129,2.29
C,Hv,1129,2.27
D,Hv,1129,2.64
E,Hv,1129,1.92
V,Hv,1129,4.21
W,Hv,1129,3.58
X,Hv,1129,2.78
Y,Hv,1129,1.7
Z,Hv,1129,2.7
A,Hv,1144,1.77
B,Hv,1144,NA
C,Hv,1144,2.11
D,Hv,1144,2.02
E,Hv,1144,2.58
V,Hv,1144,2.08
W,Hv,1144,2.45
X,Hv,1144,2.61
Y,Hv,1144,1.89
Z,Hv,1144,1.66
A,Hv,1147,0.06
B,Hv,1147,1.64
C,Hv,1147,2.6
D,Hv,1147,2.12
E,Hv,1147,2.5
V,Hv,1147,2.07
W,Hv,1147,2.16
X,Hv,1147,1.26
Y,Hv,1147,2.58
Z,Hv,1147,1.69
A,Hv,1152,2.37
B,Hv,1152,2.86
C,Hv,1152,2.04
D,Hv,1152,2.11
E,Hv,1152,1.95
V,Hv,1152,2.61
W,Hv,1152,2.44
X,Hv,1152,3.2
Y,Hv,1152,1.77
Z,Hv,1152,2.85
A,Hv,1153,0.99
B,Hv,1153,2.57
C,Hv,1153,1.38
D,Hv,1153,2.01
E,Hv,1153,1.52
V,Hv,1153,2.1
W,Hv,1153,0.88
X,Hv,1153,2.31
Y,Hv,1153,1.92
Z,Hv,1153,2.1
A,Hv,1155,2.57
B,Hv,1155,1.12
C,Hv,1155,0.66
D,Hv,1155,3.01
E,Hv,1155,3
V,Hv,1155,3.24
W,Hv,1155,2.52
X,Hv,1155,3.2
Y,Hv,1155,3.53
Z,Hv,1155,2.48
A,Hv,1158,2.51
B,Hv,1158,1.12
C,Hv,1158,0.22
D,Hv,1158,0.14
E,Hv,1158,1.31
V,Hv,1158,0.64
W,Hv,1158,0.38
X,Hv,1158,2.55
Y,Hv,1158,1.23
Z,Hv,1158,0.13
A,Hv,1160,1.63
B,Hv,1160,1.23
C,Hv,1160,1.76
D,Hv,1160,1.53
E,Hv,1160,0.57
V,Hv,1160,1.32
W,Hv,1160,2.04
X,Hv,1160,1.44
Y,Hv,1160,2.59
Z,Hv,1160,1.31
A,Hv,1164,NA
B,Hv,1164,2.95
C,Hv,1164,1.33
D,Hv,1164,1.93
E,Hv,1164,1.35
V,Hv,1164,2.53
W,Hv,1164,2.46
X,Hv,1164,2.46
Y,Hv,1164,2.56
Z,Hv,1164,0.43
A,Hv,1169,0.88
B,Hv,1169,2.65
C,Hv,1169,3.12
D,Hv,1169,2.72
E,Hv,1169,2.86
V,Hv,1169,3.29
W,Hv,1169,3.31
X,Hv,1169,2.76
Y,Hv,1169,2.06
Z,Hv,1169,1.87
A,Hv,1174,3.58
B,Hv,1174,0.34
C,Hv,1174,0.11
D,Hv,1174,3.29
E,Hv,1174,2.1
V,Hv,1174,2.09
W,Hv,1174,0.23
X,Hv,1174,3.22
Y,Hv,1174,2.93
Z,Hv,1174,3.43
A,Hv,1175,2.08
B,Hv,1175,2.75
C,Hv,1175,1.21
D,Hv,1175,2.92
E,Hv,1175,2.56
V,Hv,1175,2.99
W,Hv,1175,2.78
X,Hv,1175,2.86
Y,Hv,1175,2.33
Z,Hv,1175,1.52
A,Hv,1178,0.49
B,Hv,1178,0.17
C,Hv,1178,0.13
D,Hv,1178,0.15
E,Hv,1178,0.15
V,Hv,1178,0.67
W,Hv,1178,NA
X,Hv,1178,0.18
Y,Hv,1178,0.08
Z,Hv,1178,NA
A,Hv,1194,0.22
B,Hv,1194,2.99
C,Hv,1194,2.14
D,Hv,1194,1.2
E,Hv,1194,2.6
V,Hv,1194,2.06
W,Hv,1194,1.61
X,Hv,1194,4.76
Y,Hv,1194,2.08
Z,Hv,1194,2.26
A,Oe,1075,0.24
B,Oe,1075,NA
C,Oe,1075,NA
D,Oe,1075,0.36
E,Oe,1075,NA
V,Oe,1075,0.8
W,Oe,1075,0.7
X,Oe,1075,0.3
Y,Oe,1075,0.26
Z,Oe,1075,0.77
A,Oe,1088,NA
B,Oe,1088,NA
C,Oe,1088,0.09
D,Oe,1088,NA
E,Oe,1088,NA
V,Oe,1088,NA
W,Oe,1088,0.07
X,Oe,1088,NA
Y,Oe,1088,0.17
Z,Oe,1088,NA
A,Oe,1092,NA
B,Oe,1092,0.02
C,Oe,1092,NA
D,Oe,1092,NA
E,Oe,1092,NA
V,Oe,1092,NA
W,Oe,1092,NA
X,Oe,1092,NA
Y,Oe,1092,0.17
Z,Oe,1092,NA
A,Oe,1093,0.53
B,Oe,1093,NA
C,Oe,1093,0.87
D,Oe,1093,NA
E,Oe,1093,0.06
V,Oe,1093,NA
W,Oe,1093,0.2
X,Oe,1093,0.1
Y,Oe,1093,NA
Z,Oe,1093,0.3
A,Oe,1097,0.27
B,Oe,1097,NA
C,Oe,1097,NA
D,Oe,1097,NA
E,Oe,1097,NA
V,Oe,1097,NA
W,Oe,1097,0.5
X,Oe,1097,NA
Y,Oe,1097,NA
Z,Oe,1097,NA
A,Oe,1104,NA
B,Oe,1104,0.08
C,Oe,1104,NA
D,Oe,1104,0.27
E,Oe,1104,NA
V,Oe,1104,NA
W,Oe,1104,0.12
X,Oe,1104,NA
Y,Oe,1104,NA
Z,Oe,1104,NA
A,Oe,1129,0.27
B,Oe,1129,NA
C,Oe,1129,0.19
D,Oe,1129,NA
E,Oe,1129,0.38
V,Oe,1129,0.13
W,Oe,1129,NA
X,Oe,1129,NA
Y,Oe,1129,0.03
Z,Oe,1129,NA
A,Oe,1144,NA
B,Oe,1144,NA
C,Oe,1144,1.17
D,Oe,1144,NA
E,Oe,1144,0.12
V,Oe,1144,NA
W,Oe,1144,NA
X,Oe,1144,0.2
Y,Oe,1144,0.6
Z,Oe,1144,0.56
A,Oe,1147,NA
B,Oe,1147,NA
C,Oe,1147,NA
D,Oe,1147,0.26
E,Oe,1147,NA
V,Oe,1147,0.12
W,Oe,1147,NA
X,Oe,1147,0.05
Y,Oe,1147,0.13
Z,Oe,1147,0.12
A,Oe,1152,0.15
B,Oe,1152,0.19
C,Oe,1152,0.43
D,Oe,1152,0.18
E,Oe,1152,NA
V,Oe,1152,0.27
W,Oe,1152,NA
X,Oe,1152,0.3
Y,Oe,1152,0.24
Z,Oe,1152,0.16
A,Oe,1153,0.34
B,Oe,1153,NA
C,Oe,1153,0.25
D,Oe,1153,0.14
E,Oe,1153,NA
V,Oe,1153,0.16
W,Oe,1153,0.13
X,Oe,1153,0.29
Y,Oe,1153,0.18
Z,Oe,1153,0.03
A,Oe,1155,NA
B,Oe,1155,0.31
C,Oe,1155,0.19
D,Oe,1155,NA
E,Oe,1155,NA
V,Oe,1155,0.69
W,Oe,1155,NA
X,Oe,1155,NA
Y,Oe,1155,0.27
Z,Oe,1155,0.03
A,Oe,1158,NA
B,Oe,1158,NA
C,Oe,1158,0.01
D,Oe,1158,0.07
E,Oe,1158,0.14
V,Oe,1158,0.16
W,Oe,1158,NA
X,Oe,1158,0.02
Y,Oe,1158,NA
Z,Oe,1158,NA
A,Oe,1160,0.45
B,Oe,1160,NA
C,Oe,1160,NA
D,Oe,1160,0.24
E,Oe,1160,NA
V,Oe,1160,NA
W,Oe,1160,NA
X,Oe,1160,0.14
Y,Oe,1160,NA
Z,Oe,1160,0.16
A,Oe,1164,0.76
B,Oe,1164,NA
C,Oe,1164,0.13
D,Oe,1164,NA
E,Oe,1164,NA
V,Oe,1164,NA
W,Oe,1164,NA
X,Oe,1164,0.04
Y,Oe,1164,0.28
Z,Oe,1164,NA
A,Oe,1169,0.29
B,Oe,1169,0.24
C,Oe,1169,0.28
D,Oe,1169,NA
E,Oe,1169,0.1
V,Oe,1169,NA
W,Oe,1169,NA
X,Oe,1169,NA
Y,Oe,1169,NA
Z,Oe,1169,NA
A,Oe,1174,0.22
B,Oe,1174,NA
C,Oe,1174,NA
D,Oe,1174,NA
E,Oe,1174,0.34
V,Oe,1174,0.02
W,Oe,1174,NA
X,Oe,1174,NA
Y,Oe,1174,0.46
Z,Oe,1174,NA
A,Oe,1175,NA
B,Oe,1175,NA
C,Oe,1175,NA
D,Oe,1175,0.18
E,Oe,1175,0.07
V,Oe,1175,0.23
W,Oe,1175,0.3
X,Oe,1175,0.35
Y,Oe,1175,0.72
Z,Oe,1175,NA
A,Oe,1178,NA
B,Oe,1178,NA
C,Oe,1178,0.17
D,Oe,1178,NA
E,Oe,1178,0.09
V,Oe,1178,0.08
W,Oe,1178,NA
X,Oe,1178,0.01
Y,Oe,1178,0.04
Z,Oe,1178,NA
A,Oe,1194,0.33
B,Oe,1194,NA
C,Oe,1194,0.06
D,Oe,1194,0.01
E,Oe,1194,0.66
V,Oe,1194,0.16
W,Oe,1194,NA
X,Oe,1194,NA
Y,Oe,1194,0.26
Z,Oe,1194,0.42
